Restaurant ID,Restaurant name,Subzone,City,Order ID,Order Placed At,Order Status,Delivery,Distance,Items in order,Instructions,Discount construct,Bill subtotal,Packaging charges,Restaurant discount (Promo),"Restaurant discount (Flat offs, Freebies & others)",Gold discount,Brand pack discount,Total,Rating,Review,Cancellation / Rejection reason,Restaurant compensation (Cancellation),Restaurant penalty (Rejection),KPT duration (minutes),Rider wait time (minutes),Order Ready Marked,Customer complaint tag,Customer ID
20320607,Swaad,Sector 4,Delhi NCR,6168884918,"11:38 PM, September 10 2024",Delivered,Zomato Delivery,3km,"1 x Grilled Chicken Jamaican Tender, 1 x Grilled Chicken Peri Peri Tangdi",,40% off upto Rs.80,715.0,31.75,80.0,0.0,0.0,0.0,666.75,,,,,,18.35,11.6,Correctly,,5d6c2b96db963098bc69768bea504c8bf46106a8a5178edf91a42e66a8179458
20320607,Swaad,Sector 4,Delhi NCR,6170707559,"11:34 PM, September 10 2024",Delivered,Zomato Delivery,2km,"1 x Peri Peri Fries, 1 x Fried Chicken Angara Tender, 1 x Grilled Chicken Angara Tender",,Flat Rs.175 off,1179.0,50.2,175.0,0.0,0.0,0.0,1054.2,,,,,,16.95,3.6,Correctly,,0781815deb4a10a574e9fee4fa0b86b074d4a0b36175d5a626dbc4710568bff4
20320607,Swaad,Sector 4,Delhi NCR,6169375019,"03:52 PM, September 10 2024",Delivered,Zomato Delivery,<1km,1 x Bone in Peri Peri Grilled Chicken,,40% off upto Rs.80,310.0,11.5,80.0,0.0,0.0,0.0,241.5,,,,,,14.05,12.2,Correctly,,f93362f5ce5382657482d164e368186bcec9c6225fd93d374453a2e6983151de
20320607,Swaad,Sector 4,Delhi NCR,6151677434,"03:45 PM, September 10 2024",Delivered,Zomato Delivery,2km,"1 x Fried Chicken Ghostbuster Tender, 1 x Angara Grilled Paneer (8 pcs)",,40% off upto Rs.80,620.0,27.0,80.0,0.0,0.0,0.0,567.0,4.0,,,,,19.0,3.3,Correctly,,1ed226d1b8a5f7acee12fc1d6676558330a3b2b742af5d5c9d3ea550397d49ac
20320607,Swaad,Sector 4,Delhi NCR,6167540897,"03:04 PM, September 10 2024",Delivered,Zomato Delivery,2km,"1 x Peri Peri Krispers, 1 x Fried Chicken Angara Tender",,40% off upto Rs.80,584.0,25.2,80.0,0.0,0.0,0.0,529.2,,,,,,15.97,1.0,Correctly,,d21a2ac6ea06b31cc3288ab20c4ef2f292066c096f2c5f110a3098eeb39596d9
20320607,Swaad,Sector 4,Delhi NCR,6164725184,"12:28 PM, September 10 2024",Delivered,Zomato Delivery,1km,"1 x Grilled Chicken Jamaican Tangdi, 1 x Bone in Jamaican Grilled Chicken",,40% off upto Rs.80,715.0,31.75,80.0,0.0,0.0,0.0,666.75,5.0,,,,,20.48,1.0,Correctly,,4103fd4f3ee2166d322e76fabd420ae15f14a2816ca5a3be43133260bb1327f4
20320607,Swaad,Sector 4,Delhi NCR,6151460444,"12:03 AM, September 10 2024",Delivered,Zomato Delivery,6km,1 x Bone in Jamaican Grilled Chicken,,40% off upto Rs.80,370.0,14.5,80.0,0.0,0.0,0.0,304.5,,,,,,10.53,7.0,Incorrectly,,24d7ca74eb1efe217e88062d2519403ba11d62f5953186d71cfd3a02233275ab
20320607,Swaad,Sector 4,Delhi NCR,6167255032,"10:54 PM, September 09 2024",Delivered,Zomato Delivery,2km,1 x Bone in Angara Grilled Chicken,,40% off upto Rs.80,310.0,11.5,80.0,0.0,0.0,0.0,241.5,,,,,,9.68,1.5,Correctly,,fa1710c1c41dd4f29b810b78f8e7c08a356ca0fdc3930713e020e1ed258ceb4e
20320607,Swaad,Sector 4,Delhi NCR,6167184688,"10:51 PM, September 09 2024",Delivered,Zomato Delivery,1km,"1 x Fried Chicken Angara Tender, 1 x Angara Rice",,40% off upto Rs.80,473.0,19.65,80.0,0.0,0.0,0.0,412.65,,,,,,15.2,8.3,Correctly,,c521ccf21e7bb2207c3f08d578b6e028d2c3b25986cb35dd5930ede1d8a643da
20320607,Swaad,Sector 4,Delhi NCR,6163081676,"03:22 PM, September 09 2024",Delivered,Zomato Delivery,<1km,1 x Grilled Chicken Peri Peri Tangdi,,40% off upto Rs.80,405.0,16.25,80.0,0.0,0.0,0.0,341.25,,,,,,11.38,3.7,Correctly,,ac2ee09679412d4248884cdfd7637d9b3529eeac0e2f27a6c143a53bba064764
20320607,Swaad,Sector 4,Delhi NCR,6164758457,"10:03 PM, September 08 2024",Delivered,Zomato Delivery,6km,1 x Bone in Jamaican Grilled Chicken,,50% off upto Rs.100,370.0,13.5,100.0,0.0,0.0,0.0,283.5,,,,,,11.67,5.5,Correctly,,24d7ca74eb1efe217e88062d2519403ba11d62f5953186d71cfd3a02233275ab
20320607,Swaad,Sector 4,Delhi NCR,6159645418,"09:49 PM, September 08 2024",Delivered,Zomato Delivery,2km,1 x Bone in Jamaican Grilled Chicken,,40% off upto Rs.80,645.0,28.25,80.0,0.0,0.0,0.0,593.25,,,,,,14.27,5.9,Correctly,,e1248ba01f5b3ffbab3adde359bfc48adb924a123dd15daed0063f1c695e5c01
20320607,Swaad,Sector 4,Delhi NCR,6163201423,"07:48 PM, September 08 2024",Delivered,Zomato Delivery,3km,1 x Bone in Smoky Bbq Grilled Chicken,,50% off upto Rs.100,310.0,10.5,100.0,0.0,0.0,0.0,220.5,2.0,,,,,17.23,8.8,Correctly,,db8331544bffcb3d70e0a6eacf709657d5bc03f4eec32d293feb61c9fcad86b9
20320607,Swaad,Sector 4,Delhi NCR,6161956272,"07:48 PM, September 08 2024",Delivered,Zomato Delivery,4km,1 x Fried Chicken Peri Peri Tender,,40% off upto Rs.80,460.0,19.0,80.0,0.0,0.0,0.0,399.0,,,,,,16.83,12.1,Correctly,,8cc49e1c87db248d9bf994de02c7da0229cd3b46bb99002b299345a60d562a7a
20320607,Swaad,Sector 4,Delhi NCR,6153489136,"07:21 PM, September 08 2024",Delivered,Zomato Delivery,4km,"2 x Tipsy Tiger Ginger Ale, 1 x Bone in Jamaican Grilled Chicken, 1 x Bone in Smoky Bbq Grilled Chicken",,,858.1,42.91,0.0,0.0,0.0,0.0,901.01,,,,,,20.3,8.6,Correctly,,a4fb8d5447830dfa482d20ce3a20bce637c3a956fba93cee95726869ddb39231
20320607,Swaad,Sector 4,Delhi NCR,6163049565,"06:33 PM, September 08 2024",Delivered,Zomato Delivery,3km,1 x Bone in Angara Grilled Chicken,,40% off upto Rs.80,695.0,30.75,80.0,0.0,0.0,0.0,645.75,,,,,,18.05,11.1,Correctly,,7ecba12675df48b9b8c245c81a354abc2c6a4a8dd4d28be92f2b955fae0c8150
20320607,Swaad,Sector 4,Delhi NCR,6155177885,"03:23 PM, September 08 2024",Delivered,Zomato Delivery,5km,1 x Fried Chicken Peri Peri Tender,,40% off upto Rs.80,460.0,19.0,80.0,0.0,0.0,0.0,399.0,,,,,,14.97,5.6,Correctly,,e0501d56d905f021333ed64371ab8635f8be47ea516aaf8f2424da63793a6bc6
20320607,Swaad,Sector 4,Delhi NCR,6156719166,"02:55 AM, September 08 2024",Delivered,Zomato Delivery,3km,1 x Angara Aloo Tuk Tuki,,40% off upto Rs.80,218.0,6.9,80.0,0.0,0.0,0.0,144.9,,,,,,20.75,10.9,Correctly,,f9e9f7e806c4b5601873c0b9ff2eac2a45b4ab29d61572bd0c8eb8d3ec0487ce
20320607,Swaad,Sector 4,Delhi NCR,6158533370,"02:23 AM, September 08 2024",Delivered,Zomato Delivery,4km,1 x Grilled Chicken Peri Peri Tangdi,,50% off upto Rs.100,405.0,15.25,100.0,0.0,0.0,0.0,320.25,,,,,,10.8,3.2,Incorrectly,,75386768d73d08a035ee5cbb91c59ed2f971d6f770eaf083420f7b3b8ed49ee9
20320607,Swaad,Sector 4,Delhi NCR,6152228975,"01:57 AM, September 08 2024",Delivered,Zomato Delivery,6km,1 x Grilled Chicken Smoky BBQ Tender,,50% off upto Rs.100,435.0,16.75,100.0,0.0,0.0,0.0,351.75,,,,,,9.42,1.4,Correctly,,65235b6b25a0daf7bb923d0ca8c76a58581c05ca5483bdeee3f88df77d6ffd36
20320607,Swaad,Sector 4,Delhi NCR,6157229636,"09:24 PM, September 07 2024",Delivered,Zomato Delivery,2km,1 x Grilled Chicken Smoky BBQ Tangdi,,50% off upto Rs.100,635.0,26.75,100.0,0.0,0.0,0.0,561.75,,,,,,12.38,1.6,Correctly,,bf3dbdf507a5e0b61ee60d981dc53f57fca7cb06d05f78794472587fc7f9093f
20320607,Swaad,Sector 4,Delhi NCR,6160420881,"08:35 PM, September 07 2024",Delivered,Zomato Delivery,2km,1 x Bone in Jamaican Grilled Chicken,,40% off upto Rs.80,310.0,11.5,80.0,0.0,0.0,0.0,241.5,,,,,,,3.2,Missed,,31e6e136219f784a75bb09e36e5ed588c332aa7ce3aef6d74c16f3e7560768de
20320607,Swaad,Sector 4,Delhi NCR,6158429833,"06:09 PM, September 07 2024",Delivered,Zomato Delivery,5km,"1 x Animal Fries, 1 x Salted Fries",,40% off upto Rs.80,524.0,22.2,80.0,0.0,0.0,0.0,466.2,4.0,,,,,16.88,13.3,Correctly,,49e49a6a003c4e24baf07ad57097ef267b67bd47b86120650a6376eb18299bbb
20320607,Swaad,Sector 4,Delhi NCR,6156152215,"04:00 PM, September 07 2024",Delivered,Zomato Delivery,2km,"1 x Bone in Jamaican Grilled Chicken, 1 x Fried Chicken Angara Tender",,Flat Rs.175 off,910.0,36.75,175.0,0.0,0.0,0.0,771.75,,,,,,19.82,0.7,Correctly,,80650c4426a3fc8d969e8b43126bc197f68b301ca14e037644fc2c5218707d6b
20320607,Swaad,Sector 4,Delhi NCR,6159249185,"12:43 PM, September 07 2024",Delivered,Zomato Delivery,4km,1 x Bone in Kabuli Grilled Chicken,,40% off upto Rs.80,310.0,11.5,80.0,0.0,0.0,0.0,241.5,,,,,,19.2,15.4,Correctly,,b85edd5052b39954b086319952ca2d76184ce8d424fe20fa549b9ade2b4e173f
20320607,Swaad,Sector 4,Delhi NCR,6159181202,"02:00 AM, September 07 2024",Delivered,Zomato Delivery,4km,1 x Bone in Peri Peri Grilled Chicken,,50% off upto Rs.100,585.0,24.25,100.0,0.0,0.0,0.0,509.25,,,,,,10.63,1.7,Correctly,,6f68ba8ce8a4c4b6b82a095980151c96ba4d59a02ac267ba67f7d19cec84d3c2
20320607,Swaad,Sector 4,Delhi NCR,6158034744,"12:58 AM, September 07 2024",Delivered,Zomato Delivery,1km,1 x Fried Chicken Peri Peri Tender,,Flat Rs.80 off,325.0,12.25,80.0,0.0,0.0,0.0,257.25,,,,,,7.77,5.4,Incorrectly,,432e8f108fb6faf72c98a5d5299f6a52d58e948f9d6b0c8aef39b3b4976d2dc4
20320607,Swaad,Sector 4,Delhi NCR,6144978141,"11:25 PM, September 06 2024",Delivered,Zomato Delivery,4km,1 x Fried Chicken Peri Peri Tender,,Flat Rs.80 off,325.0,12.25,80.0,0.0,0.0,0.0,257.25,,,,,,13.05,1.8,Correctly,,693e71ee644f2badf452477f2be8483e5211592ae22cd49bf81a164b125af2b0
20320607,Swaad,Sector 4,Delhi NCR,6155011355,"09:50 PM, September 06 2024",Delivered,Zomato Delivery,8km,"1 x Bone in Angara Grilled Chicken, 1 x Bone in Jamaican Grilled Chicken",,50% off upto Rs.100,895.0,39.75,100.0,0.0,0.0,0.0,834.75,,,,,,13.0,0.4,Correctly,,f948793b932876cb63b8bc6b3cbe85d5d442c5e2fc1c9da348c903fead35b81a
20320607,Swaad,Sector 4,Delhi NCR,6157562143,"09:23 PM, September 06 2024",Delivered,Zomato Delivery,3km,"1 x Jamaican Sauce, 2 x Grilled Chicken Jamaican Tender",,Flat Rs.80 off,680.0,30.0,80.0,0.0,0.0,0.0,630.0,,,,,,15.98,2.4,Correctly,,a84ab19e1691226e429b3f4495db99b2937f431d216e1899dcde06722eb4daee
20320607,Swaad,Sector 4,Delhi NCR,6155576594,"08:59 PM, September 06 2024",Delivered,Zomato Delivery,3km,"1 x Bone in Smoky Bbq Grilled Chicken, 1 x AAC Signature Fries, 1 x Bone in Peri Peri Grilled Chicken",,Flat Rs.80 off,1084.0,50.2,80.0,0.0,0.0,0.0,1054.2,,,,,,10.67,0.9,Correctly,,e27eadf180f5389911e6c5b369ac1ae5ac05259d54bc65721819869ee14e18c7
20320607,Swaad,Sector 4,Delhi NCR,6149438913,"08:36 PM, September 06 2024",Delivered,Zomato Delivery,1km,"1 x Bone in Jamaican Grilled Chicken, 1 x Grilled Chicken Peri Peri Tender, 1 x Grilled Chicken Angara Tenders + Salted Fries",,Flat Rs.175 off,1290.0,55.75,175.0,0.0,0.0,0.0,1170.75,,,,,,22.43,1.2,Correctly,,096a9f7a0c5cf71b57729f2de20cf0080b608dffe8e9c77bf9fa4a3055568590
20320607,Swaad,Sector 4,Delhi NCR,6157743878,"08:36 PM, September 06 2024",Delivered,Zomato Delivery,3km,1 x Bone in Jamaican Grilled Chicken,,40% off upto Rs.80,695.0,30.75,80.0,0.0,0.0,0.0,645.75,5.0,,,,,7.87,4.7,Incorrectly,,ced9e9119fce4573dfcda41998964378f3a2a079d70e503a603cb001658b75ce
20320607,Swaad,Sector 4,Delhi NCR,6158241703,"08:08 PM, September 06 2024",Delivered,Zomato Delivery,2km,1 x Bone in Jamaican Grilled Chicken,,50% off upto Rs.100,310.0,10.5,100.0,0.0,0.0,0.0,220.5,,,,,,8.83,14.3,Incorrectly,,61e7481fdb65a6580cd5520d12517ba4dd78ef3c7d4df2b6ff475d48075ea42c
20320607,Swaad,Sector 4,Delhi NCR,6156620875,"03:09 PM, September 06 2024",Delivered,Zomato Delivery,4km,1 x Fried Chicken Peri Peri Tender,,40% off upto Rs.80,325.0,12.25,80.0,0.0,0.0,0.0,257.25,,,,,,3.35,5.4,Incorrectly,,693e71ee644f2badf452477f2be8483e5211592ae22cd49bf81a164b125af2b0
20320607,Swaad,Sector 4,Delhi NCR,6154403375,"02:49 PM, September 06 2024",Delivered,Zomato Delivery,6km,1 x Bone in Kabuli Grilled Chicken,,40% off upto Rs.80,310.0,11.5,80.0,0.0,0.0,0.0,241.5,5.0,,,,,16.42,8.5,Incorrectly,,5393bd13d96ca939871e15d6f950f8d5ce66ed2d9688b96e0c4f7d1ec2a5b41f
20320607,Swaad,Sector 4,Delhi NCR,6154147762,"11:39 AM, September 06 2024",Delivered,Zomato Delivery,1km,1 x Animal Fries,,50% off upto Rs.100,355.0,12.75,100.0,0.0,0.0,0.0,267.75,,,,,,17.73,11.5,Correctly,,81836124bc23518067df460ac476f26b1f0e3cda956fc9aee91f52c6f92a9114
20320607,Swaad,Sector 4,Delhi NCR,6150715172,"03:24 AM, September 06 2024",Delivered,Zomato Delivery,3km,1 x AAC Signature Krispers,,50% off upto Rs.100,199.0,4.98,99.5,0.0,0.0,0.0,104.48,,,,,,10.95,0.8,Correctly,,f9e9f7e806c4b5601873c0b9ff2eac2a45b4ab29d61572bd0c8eb8d3ec0487ce
20320607,Swaad,Sector 4,Delhi NCR,6150789630,"02:03 AM, September 06 2024",Delivered,Zomato Delivery,1km,"1 x Bone in Smoky Bbq Grilled Chicken, 1 x Fried Chicken Peri Peri Tenders + Peri Peri Fries",,Flat Rs.175 off,775.0,30.0,175.0,0.0,0.0,0.0,630.0,,,,,,16.92,2.5,Correctly,,096a9f7a0c5cf71b57729f2de20cf0080b608dffe8e9c77bf9fa4a3055568590
20320607,Swaad,Sector 4,Delhi NCR,6151158050,"01:54 AM, September 06 2024",Delivered,Zomato Delivery,7km,"1 x Angara Aloo Tuk Tuki, 1 x AAC Signature Fries",,50% off upto Rs.100,347.0,12.35,100.0,0.0,0.0,0.0,259.35,,,,,,25.52,11.8,Correctly,,6292149fd8cc18ad66b1804144ff15fa31e5f1ee90f87f0dee8dbaf97b345b94
20320607,Swaad,Sector 4,Delhi NCR,6155965734,"01:10 AM, September 06 2024",Delivered,Zomato Delivery,4km,1 x Animal Fries,,50% off upto Rs.100,355.0,12.75,100.0,0.0,0.0,0.0,267.75,,,,,,13.3,1.0,Correctly,,ebd60c19b0f492b7377b19d314ab1ecd690e365ce5744030851d2932feb4ade7
20320607,Swaad,Sector 4,Delhi NCR,6155526018,"12:48 AM, September 06 2024",Delivered,Zomato Delivery,7km,1 x Grilled Chicken Jamaican Tender,,50% off upto Rs.100,310.0,10.5,100.0,0.0,0.0,0.0,220.5,,,,,,7.87,1.2,Correctly,,9ae38c952fdef0c4c067098312f0be853006239e7f7a7304008d0b7ae47b0917
20320607,Swaad,Sector 4,Delhi NCR,6146261091,"11:50 PM, September 05 2024",Delivered,Zomato Delivery,4km,"1 x Animal Fries, 1 x Grilled Chicken Smoky BBQ Tender",,40% off upto Rs.80,665.0,29.25,80.0,0.0,0.0,0.0,614.25,,,,,,15.67,3.9,Correctly,,19cb886d7bd07a82573682a85d6042bc2fa0eeda217659f116b1930308a0ce38
20320607,Swaad,Sector 4,Delhi NCR,6155286499,"11:42 PM, September 05 2024",Delivered,Zomato Delivery,8km,"1 x Bone in Smoky Bbq Grilled Chicken, 1 x Bone in Jamaican Grilled Chicken",,50% off upto Rs.100,620.0,26.0,100.0,0.0,0.0,0.0,546.0,,,,,,18.48,4.5,Correctly,,dbb7b0b85ee66218f881e953ecd62bbdc356188fed58a43e27ba37d0c06dc552
20320607,Swaad,Sector 4,Delhi NCR,6155319009,"10:57 PM, September 05 2024",Delivered,Zomato Delivery,3km,1 x Bone in Jamaican Grilled Chicken,,Flat Rs.175 off,755.0,29.0,175.0,0.0,0.0,0.0,609.0,,,,,,11.93,0.9,Correctly,,0a299b2d813b99f45018a6af6c423279b5a0cba30d8c7f3a3f0a69fdfae3c865
20320607,Swaad,Sector 4,Delhi NCR,6155343744,"08:56 PM, September 05 2024",Delivered,Zomato Delivery,1km,1 x Grilled Chicken Smoky BBQ Tender,,Flat Rs.80 off,435.0,17.75,80.0,0.0,0.0,0.0,372.75,,,,,,9.93,0.3,Correctly,,c521ccf21e7bb2207c3f08d578b6e028d2c3b25986cb35dd5930ede1d8a643da
20320607,Swaad,Sector 4,Delhi NCR,6151641967,"07:48 PM, September 05 2024",Delivered,Zomato Delivery,2km,1 x Fried Chicken Angara Tender,,50% off upto Rs.100,325.0,11.25,100.0,0.0,0.0,0.0,236.25,,,,,,13.63,1.4,Correctly,,bcfa051a96036fe2f67b8b7d0f27b37d983dede68aab0aeb2541811d09b0c859
20320607,Swaad,Sector 4,Delhi NCR,6152673880,"07:20 PM, September 05 2024",Delivered,Zomato Delivery,6km,1 x Fried Chicken Peri Peri Tender,,,629.0,31.45,0.0,0.0,0.0,0.0,660.45,4.0,,,,,19.0,0.5,Correctly,,6bd9d2a22ced3c8d3466c08c0570a30c671b1f8a837c51f788966332398a6a45
20320607,Swaad,Sector 4,Delhi NCR,6145690912,"02:14 AM, September 05 2024",Delivered,Zomato Delivery,7km,1 x Bone in Jamaican Grilled Chicken,,50% off upto Rs.100,585.0,24.25,100.0,0.0,0.0,0.0,509.25,,,,,,14.42,1.0,Correctly,,f3fc5884a2568a19739f9ac18b494e1c504694463152534c3cf99614585fafdd
20320607,Swaad,Sector 4,Delhi NCR,6152587141,"02:04 AM, September 05 2024",Delivered,Zomato Delivery,10km,"1 x Bone in Smoky Bbq Grilled Chicken, 1 x Bone in Jamaican Grilled Chicken",,,1230.0,32.25,0.0,585.0,0.0,0.0,677.25,,,,,,18.23,7.1,Correctly,,fcf74c5042b5d8f18e224c0e35d026cdff1a07e7508262d1f70f5b57aa9451a1
20320607,Swaad,Sector 4,Delhi NCR,6143319424,"01:30 AM, September 05 2024",Delivered,Zomato Delivery,10km,"1 x Fried Chicken Peri Peri Tender, 1 x Grilled Chicken Jamaican Tender",,,815.0,22.25,0.0,370.0,0.0,0.0,467.25,,,,,,15.8,1.2,Correctly,,51f61d6e41c956156e1b8be1c84f2e6af08f784750003ae78ec808d0b333d403
20320607,Swaad,Sector 4,Delhi NCR,6152649630,"01:23 AM, September 05 2024",Delivered,Zomato Delivery,4km,"1 x Bone in Jamaican Grilled Chicken, 1 x Bone in Peri Peri Grilled Chicken",,,620.0,15.5,0.0,310.0,0.0,0.0,325.5,,,,,,15.4,2.2,Correctly,,1e7b5292b0110052dbef10afb693806d92a549b702bb3e72dc27305c4fa02aa1
20320607,Swaad,Sector 4,Delhi NCR,6146501186,"01:16 AM, September 05 2024",Delivered,Zomato Delivery,8km,2 x Bone in Jamaican Grilled Chicken,,,840.0,21.0,0.0,420.0,0.0,0.0,441.0,,,,,,17.03,1.2,Correctly,,233304762f6d9e8903e3fd792fa1ab106425d77d02a7ae09898b5c78de784284
20320607,Swaad,Sector 4,Delhi NCR,6145930056,"12:38 AM, September 05 2024",Delivered,Zomato Delivery,9km,2 x Bone in Kabuli Grilled Chicken,,,1170.0,29.25,0.0,585.0,0.0,0.0,614.25,,,,,,18.73,2.8,Correctly,,cffe01c0be11370e104086d48ca7464817fb4b0e69e4a54a6846d9446fda1398
20320607,Swaad,Sector 4,Delhi NCR,6145885503,"12:25 AM, September 05 2024",Delivered,Zomato Delivery,10km,"1 x Fried Chicken Angara Tender, 1 x Salted Fries",,,494.0,16.25,0.0,169.0,0.0,0.0,341.25,,,,,,24.62,0.5,Correctly,,0eb263c3300bd21008a9dc15f0b90a6033a0670799a9d7231b1dc447ba376118
20320607,Swaad,Sector 4,Delhi NCR,6153460436,"12:21 AM, September 05 2024",Delivered,Zomato Delivery,10km,"1 x Fried Chicken Peri Peri Tender, 1 x Garlic Aioli, 1 x Fried Chicken Classic Tender, 1 x Indian Pico De-Gallo",,,905.0,26.0,0.0,385.0,0.0,0.0,546.0,,,,,,20.03,2.1,Correctly,,932461e0c80b5cd50d0585d7081ae87732ddf0e5e4d9ea6fc978e38528705fb8
20320607,Swaad,Sector 4,Delhi NCR,6149384788,"12:14 AM, September 05 2024",Delivered,Zomato Delivery,1km,"1 x Grilled Chicken Jamaican Tender, 1 x Grilled Chicken Peri Peri Tender",,,620.0,15.5,0.0,310.0,0.0,0.0,325.5,,,,,,14.43,2.3,Correctly,,d79a64d183f2c30be582132ff90226e91149f4bef5f2094437bd3e1a297a3386
20320607,Swaad,Sector 4,Delhi NCR,6153295379,"12:13 AM, September 05 2024",Delivered,Zomato Delivery,2km,"1 x Bone in Smoky Bbq Grilled Chicken, 1 x Fried Chicken Classic Tender",Order: Please provide garlic aioli dip on the side instead of harissa.,,635.0,16.25,0.0,310.0,0.0,0.0,341.25,5.0,,,,,17.17,2.5,Correctly,Poor taste or quality,5e8a4ed663825c80c69777fdfb19b3b07ba28e3e060cc9c9ba3ee5913191d6cf
20320607,Swaad,Sector 4,Delhi NCR,6151765091,"11:42 PM, September 04 2024",Delivered,Zomato Delivery,3km,"1 x Bone in Angara Grilled Chicken, 1 x Bone in Jamaican Grilled Chicken",,,620.0,15.5,0.0,310.0,0.0,0.0,325.5,,,,,,16.0,0.8,Correctly,,63d92052e68f12bb766da2073286771ff9fdb5195d1778f74c93676f1bbcb2f4
20320607,Swaad,Sector 4,Delhi NCR,6151170863,"11:31 PM, September 04 2024",Delivered,Zomato Delivery,1km,"1 x Fried Chicken Peri Peri Tender, 1 x AAC Saucy Fries",,,600.0,16.25,0.0,275.0,0.0,0.0,341.25,,,,,,20.73,14.7,Correctly,,1837740b4c913731f06809b4939f99049af0a01db4165c14e2ff12a324e861c7
20320607,Swaad,Sector 4,Delhi NCR,6148418552,"11:27 PM, September 04 2024",Delivered,Zomato Delivery,1km,"1 x Bone in Jamaican Grilled Chicken, 1 x Grilled Chicken Peri Peri Tender",,,745.0,21.75,0.0,310.0,0.0,0.0,456.75,,,,,,,5.6,Missed,,096a9f7a0c5cf71b57729f2de20cf0080b608dffe8e9c77bf9fa4a3055568590
20320607,Swaad,Sector 4,Delhi NCR,6151566063,"10:51 PM, September 04 2024",Delivered,Zomato Delivery,2km,"1 x Bone in Angara Grilled Chicken, 1 x Bone in Peri Peri Grilled Chicken",Order: please sir can u give chicken breast piece,,620.0,15.5,0.0,310.0,0.0,0.0,325.5,,,,,,16.65,11.1,Correctly,,67fcb929df09c634f7ea7180357cba65cf6fcabf87df2356ebffec469ddcb0ab
20320607,Swaad,Sector 4,Delhi NCR,6145781285,"10:34 PM, September 04 2024",Delivered,Zomato Delivery,2km,2 x Bone in Peri Peri Grilled Chicken,,,1290.0,32.25,0.0,645.0,0.0,0.0,677.25,,,,,,15.92,5.9,Correctly,,e1248ba01f5b3ffbab3adde359bfc48adb924a123dd15daed0063f1c695e5c01
20320607,Swaad,Sector 4,Delhi NCR,6151947675,"10:16 PM, September 04 2024",Delivered,Zomato Delivery,1km,2 x Bone in Peri Peri Grilled Chicken,,,1170.0,29.25,0.0,585.0,0.0,0.0,614.25,,,,,,14.88,3.4,Correctly,,f27f1678df564169a9126446616480abcec3d2e0f70808500182ab2254ce1ca0
20320607,Swaad,Sector 4,Delhi NCR,6149007950,"10:12 PM, September 04 2024",Delivered,Zomato Delivery,3km,"1 x Bone in Jamaican Grilled Chicken, 1 x Bone in Smoky Bbq Grilled Chicken",,,1170.0,29.25,0.0,585.0,0.0,0.0,614.25,,,,,,15.88,3.9,Correctly,,056027e8e28c1ebd006f8c0060d278b7033877c64b2a676909e7079d0857db06
20320607,Swaad,Sector 4,Delhi NCR,6147952636,"09:49 PM, September 04 2024",Delivered,Zomato Delivery,1km,"1 x Grilled Chicken Smoky BBQ Tender, 1 x Grilled Chicken Jamaican Tender",,,620.0,15.5,0.0,310.0,0.0,0.0,325.5,,,,,,13.53,0.8,Correctly,,c1d52f9d0acfcc61c0a477f04eae4f4e1fbe35f3ceae6274cdf80b22e535200a
20320607,Swaad,Sector 4,Delhi NCR,6146517611,"09:44 PM, September 04 2024",Delivered,Zomato Delivery,6km,"1 x Bone in Smoky Bbq Grilled Chicken, 1 x Grilled Chicken Peri Peri Tender",,,620.0,15.5,0.0,310.0,0.0,0.0,325.5,,,,,,8.97,1.4,Correctly,,fa41cad255318d632dc4b34e6af0ab45fe7e21c680c03b078e272e09bae8c38d
20320607,Swaad,Sector 4,Delhi NCR,6147223342,"09:44 PM, September 04 2024",Delivered,Zomato Delivery,4km,"1 x Fried Chicken Classic Tender, 1 x Grilled Chicken Peri Peri Tender",,,635.0,16.25,0.0,310.0,0.0,0.0,341.25,4.0,The fried chicken is really good from ur place I would suggest to shake off the excess flour off the chicken as the end product is 60%flour and 40% chicken otherwise really good food,,,,11.05,0.7,Correctly,,9a6a44e1b5d0d38f838c0ca28f23bc57d95787ecd41f8b4438124ea7d76f3beb
20320607,Swaad,Sector 4,Delhi NCR,6148317461,"09:39 PM, September 04 2024",Delivered,Zomato Delivery,2km,"1 x Fried Chicken Peri Peri Tender, 1 x Grilled Chicken Smoky BBQ Tender",,,895.0,23.0,0.0,435.0,0.0,0.0,483.0,,,,,,12.68,1.0,Correctly,,f948ecb190a2faa06694f5ef9e00c7bc3e05adcaf18129650305b0118b4ea48d
20320607,Swaad,Sector 4,Delhi NCR,6150575094,"09:16 PM, September 04 2024",Delivered,Zomato Delivery,1km,"1 x Bone in Kabuli Grilled Chicken, 1 x Fried Chicken Classic Tender",,,635.0,16.25,0.0,310.0,0.0,0.0,341.25,,,,,,25.88,10.5,Correctly,,0b5fd6204af7c52628a559147ac7fc08b4b4db49d12af218c47690f8e813a371
20320607,Swaad,Sector 4,Delhi NCR,6147352865,"09:13 PM, September 04 2024",Delivered,Zomato Delivery,4km,"2 x Grilled Chicken Smoky BBQ Tangdi, 1 x Fried Chicken Classic Tender, 1 x Grilled Chicken Jamaican Tender",,,1445.0,36.5,0.0,715.0,0.0,0.0,766.5,,,,,,22.9,1.5,Correctly,,7babac4e1c879400e88c6246478861778312573e3b831070ce9dce1542091e05
20320607,Swaad,Sector 4,Delhi NCR,6152604746,"08:59 PM, September 04 2024",Delivered,Zomato Delivery,3km,"1 x Bone in Kabuli Grilled Chicken, 1 x Bone in Jamaican Grilled Chicken",,,730.0,21.0,0.0,310.0,0.0,0.0,441.0,,,,,,15.77,2.0,Correctly,,645ceb83ae6e9f8ebe14a657c086090aab3ec9ec1ab3b627e7138daebe3b0ef0
20320607,Swaad,Sector 4,Delhi NCR,6125480550,"08:52 PM, September 04 2024",Delivered,Zomato Delivery,3km,"1 x Bone in Jamaican Grilled Chicken, 1 x Bone in Smoky Bbq Grilled Chicken",,,620.0,15.5,0.0,310.0,0.0,0.0,325.5,,,,,,12.02,1.1,Correctly,,25ac12ce2f426c43ddde044e3fba270bc4854fa2ecdc36c8526d18085af29511
20320607,Swaad,Sector 4,Delhi NCR,6147529218,"08:48 PM, September 04 2024",Delivered,Zomato Delivery,1km,"1 x Bone in Smoky Bbq Grilled Chicken, 1 x Bone in Jamaican Grilled Chicken",,,1170.0,29.25,0.0,585.0,0.0,0.0,614.25,,,,,,13.22,0.9,Correctly,,9898e405eb3e4729af2131be8ec1b2bba0f861a9f1c6e179fb7f54023addadc8
20320607,Swaad,Sector 4,Delhi NCR,6151551465,"08:17 PM, September 04 2024",Returned,Zomato Delivery,7km,"1 x Grilled Chicken Angara Tender, 1 x Grilled Chicken Peri Peri Tender",,,620.0,15.5,0.0,310.0,0.0,0.0,325.5,,,Cancelled by Zomato,233.58,,11.07,3.1,Incorrectly,,3a6f85e21f147c838f0143b942ba0c0e42178fc8aa27c7cca83398ce45e8b80d
20320607,Swaad,Sector 4,Delhi NCR,6145952899,"08:15 PM, September 04 2024",Delivered,Zomato Delivery,1km,"1 x Grilled Chicken Peri Peri Tangdi, 1 x Grilled Chicken Ghostbuster Tangdi",,,810.0,20.25,0.0,405.0,0.0,0.0,425.25,4.0,,,,,13.9,0.3,Correctly,,6c7f524181b7529ad6138cb29e52a10b14fc7c3bd077d0a3e09068c9cdbfaf51
20320607,Swaad,Sector 4,Delhi NCR,6152451484,"07:49 PM, September 04 2024",Delivered,Zomato Delivery,3km,"2 x Bone in Peri Peri Grilled Chicken, 2 x Garlic Aioli",Order: less spicy please.,,960.0,24.0,0.0,480.0,0.0,0.0,504.0,,,,,,19.27,0.1,Correctly,,3a2f94ba1632c59e184821af36cf18763ebacbd2119bfe63d729077d3c4fe499
20320607,Swaad,Sector 4,Delhi NCR,6145028896,"07:40 PM, September 04 2024",Delivered,Zomato Delivery,7km,2 x Bone in Jamaican Grilled Chicken,,,620.0,15.5,0.0,310.0,0.0,0.0,325.5,,,,,,11.48,0.6,Correctly,,50e4a3c3e292b0826f0225967b64baeb7c0b2d19f48271092bfa727b6612b492
20320607,Swaad,Sector 4,Delhi NCR,6143017232,"07:12 PM, September 04 2024",Delivered,Zomato Delivery,2km,"2 x India Dynamite sauce, 2 x Bone in Angara Grilled Chicken, 1 x AAC Special Slaw",,,1498.0,42.65,0.0,645.0,0.0,0.0,895.65,,,,,,10.1,1.2,Correctly,,8a766ef646ef1de0bbbde631f5117d0bee4dceb361852fb00024f75b1e51011b
20320607,Swaad,Sector 4,Delhi NCR,6146212039,"06:36 PM, September 04 2024",Delivered,Zomato Delivery,7km,2 x Bone in Jamaican Grilled Chicken,,,2310.0,57.75,0.0,1155.0,0.0,0.0,1212.75,,,,,,18.8,5.4,Correctly,,86e308b8028b462169dd40781a734737233dce0204ab2f13d97b9f40e955f88c
20320607,Swaad,Sector 4,Delhi NCR,6146853616,"06:28 PM, September 04 2024",Delivered,Zomato Delivery,8km,"1 x Bone in Smoky Bbq Grilled Chicken, 1 x Animal Fries",,,665.0,17.75,0.0,310.0,0.0,0.0,372.75,,,,,,14.15,5.7,Correctly,,072368d2f5e6867fcc4627b23bed6082e37f640c05bdf037d73a17afd63d8c60
20320607,Swaad,Sector 4,Delhi NCR,6130555847,"06:13 PM, September 04 2024",Delivered,Zomato Delivery,1km,"2 x Grilled Chicken Peri Peri Tender, 2 x Salted Krispers",,,978.0,24.45,0.0,489.0,0.0,0.0,513.45,1.0,not picking calls and not responding and now arguments that I cannot pick calls ..if you want to cancel the order pls go ahead ,,,,14.28,5.9,Correctly,,f6964b4dbe5c91e63c19798e3aeaeae5bd1b4661f6531954931b2caec13b5adf
20320607,Swaad,Sector 4,Delhi NCR,6151773822,"04:42 PM, September 04 2024",Delivered,Zomato Delivery,2km,"1 x Cafreal dip, 1 x Indian Pico De-Gallo, 1 x Bone in Peri Peri Grilled Chicken, 1 x Bone in Angara Grilled Chicken",,,740.0,18.5,0.0,370.0,0.0,0.0,388.5,5.0,,,,,19.73,9.9,Correctly,,8a766ef646ef1de0bbbde631f5117d0bee4dceb361852fb00024f75b1e51011b
20320607,Swaad,Sector 4,Delhi NCR,6143779367,"03:52 PM, September 04 2024",Delivered,Zomato Delivery,2km,2 x Bone in Jamaican Grilled Chicken,,,620.0,15.5,0.0,310.0,0.0,0.0,325.5,,,,,,14.3,3.4,Correctly,,338de5c25cf918a023998c410b84ad8d891ff2ee8dff49541ce3b141d02ea2dc
20320607,Swaad,Sector 4,Delhi NCR,6146106285,"03:26 PM, September 04 2024",Delivered,Zomato Delivery,4km,"1 x Bone in Jamaican Grilled Chicken, 1 x Bone in Smoky Bbq Grilled Chicken",,,620.0,15.5,0.0,310.0,0.0,0.0,325.5,5.0,,,,,18.32,5.4,Correctly,,1383b3f90bf1fd9be331f38e7727dd54f588ec667bf2efdd9c36a7c0e7a526a3
20320607,Swaad,Sector 4,Delhi NCR,6146094951,"03:21 PM, September 04 2024",Delivered,Zomato Delivery,7km,"1 x Animal Fries, 1 x Bone in Smoky Bbq Grilled Chicken",,,665.0,17.75,0.0,310.0,0.0,0.0,372.75,,,,,,19.65,6.2,Correctly,,10f3615f9751e530b4702559f84c8cbf289de17968c8ef594c5b92fe633454c8
20320607,Swaad,Sector 4,Delhi NCR,6148163639,"02:56 PM, September 04 2024",Delivered,Zomato Delivery,7km,"1 x Animal Fries, 1 x Grilled Chicken Jamaican Tender",,,790.0,21.75,0.0,355.0,0.0,0.0,456.75,,,,,,21.37,0.6,Correctly,,ede1896d41535f1d4dfce1408dabb92aa7dac54818639dd952fce03ad9d19651
20320607,Swaad,Sector 4,Delhi NCR,6147899210,"01:56 PM, September 04 2024",Delivered,Zomato Delivery,<1km,"1 x Fried Chicken Angara Tender, 1 x Fried Chicken Ghostbuster Tender",Order: can you send harissa mayo instead of angara sauce with chicken angara tenders?,,650.0,16.25,0.0,325.0,0.0,0.0,341.25,,,,,,16.25,0.5,Correctly,,716e95ba787f96ea9442baaa38713a890563f9efe1c863c6aa531d3ec57a849d
20320607,Swaad,Sector 4,Delhi NCR,6150311284,"12:40 PM, September 04 2024",Delivered,Zomato Delivery,1km,"1 x Bone in Peri Peri Grilled Chicken, 1 x Bone in Jamaican Grilled Chicken",,,620.0,15.5,0.0,310.0,0.0,0.0,325.5,,,,,,16.03,10.1,Incorrectly,,ac2faca5090b2834e20b58c616d0815bc82dfca0bb1d71e9457472d0af29e490
20320607,Swaad,Sector 4,Delhi NCR,6149415596,"12:35 PM, September 04 2024",Delivered,Zomato Delivery,4km,2 x Bone in Smoky Bbq Grilled Chicken,,,620.0,15.5,0.0,310.0,0.0,0.0,325.5,,,,,,20.53,5.7,Incorrectly,,529281c0ce40540fe562c31ee840d3bdea272ffd09c8d92965b73c7d69246921
20320607,Swaad,Sector 4,Delhi NCR,6150898091,"12:23 PM, September 04 2024",Delivered,Zomato Delivery,1km,1 x Fried Chicken Angara Tender,,50% off upto Rs.100,325.0,11.25,100.0,0.0,0.0,0.0,236.25,5.0,,,,,25.85,12.1,Correctly,,d4391d772e0ba1a9ba6f010955a0db8efc05ea75d9f22046f05f11f8390c203b
20320607,Swaad,Sector 4,Delhi NCR,6143948696,"12:17 PM, September 04 2024",Delivered,Zomato Delivery,1km,"2 x Bone in Jamaican Grilled Chicken, 2 x Grilled Chicken Angara Tender, 2 x Grilled Chicken Jamaican Tender",,,3020.0,75.5,0.0,1510.0,0.0,0.0,1585.5,,,,,,37.23,15.7,Correctly,,39b23bc8a3f90fe38c859eb3d82f6ae8a5f03f081ca65facfaf192d4c3f8a564
20320607,Swaad,Sector 4,Delhi NCR,6147557942,"12:16 PM, September 04 2024",Delivered,Zomato Delivery,7km,"1 x Fried Chicken Peri Peri Tender, 1 x Fried Chicken Classic Tender",,,650.0,16.25,0.0,325.0,0.0,0.0,341.25,,,,,,16.35,0.1,Correctly,,8bc4cd31d40295540bbbfb4e4f75a9eb82ffe993a030a6b9cf25d33abe7fbd6f
20320607,Swaad,Sector 4,Delhi NCR,6148529759,"11:59 AM, September 04 2024",Delivered,Zomato Delivery,6km,"1 x Bone in Peri Peri Grilled Chicken, 1 x Bone in Angara Grilled Chicken",,,1170.0,29.25,0.0,585.0,0.0,0.0,614.25,,,,,,23.7,2.2,Correctly,,f08c291479937827f8180776208e9dd231aa0cf5b4b8a0ee6a7dbf5328538d09
20320607,Swaad,Sector 4,Delhi NCR,6150238934,"11:57 AM, September 04 2024",Delivered,Zomato Delivery,9km,"1 x Bone in Angara Grilled Chicken, 1 x Bone in Peri Peri Grilled Chicken",,,620.0,15.5,0.0,310.0,0.0,0.0,325.5,,,,,,22.12,9.5,Correctly,,1bfd48131ad71e3519ea301f2174c536d131a89c984293dd62059f2345363eea
20320607,Swaad,Sector 4,Delhi NCR,6146697877,"03:17 AM, September 04 2024",Delivered,Zomato Delivery,8km,1 x Bone in Smoky Bbq Grilled Chicken,,,310.0,15.5,0.0,0.0,0.0,0.0,325.5,,,,,,10.87,13.0,Incorrectly,,9c939891b70a31435e32b9a20bad40b4d51b02c9d6dd11459c5c5ae358afef03
20320607,Swaad,Sector 4,Delhi NCR,6145306142,"01:15 AM, September 04 2024",Delivered,Zomato Delivery,7km,"1 x Fried Chicken Angara Tender, 1 x Bone in Smoky Bbq Grilled Chicken",,Flat Rs.175 off,970.0,39.75,175.0,0.0,0.0,0.0,834.75,,,,,,17.05,7.6,Correctly,,55b5844a4e40c54ee43c562b4f28668be7f0005e324859a46d7da5fb72e25e09
20320607,Swaad,Sector 4,Delhi NCR,6149979442,"01:04 AM, September 04 2024",Delivered,Zomato Delivery,3km,1 x Grilled Chicken Jamaican Tender,,40% off upto Rs.80,435.0,17.75,80.0,0.0,0.0,0.0,372.75,,,,,,15.0,8.9,Correctly,,a84ab19e1691226e429b3f4495db99b2937f431d216e1899dcde06722eb4daee
20320607,Swaad,Sector 4,Delhi NCR,6145994013,"01:04 AM, September 04 2024",Delivered,Zomato Delivery,2km,"1 x Bone in Jamaican Grilled Chicken, 1 x Grilled Chicken Angara Tender",,50% off upto Rs.100,620.0,26.0,100.0,0.0,0.0,0.0,546.0,,,,,,14.15,1.7,Correctly,,5be917b0cca2165580288ef114a2337abe550768f99d824f4a773e31943bda89
20320607,Swaad,Sector 4,Delhi NCR,6150183759,"09:50 PM, September 03 2024",Delivered,Zomato Delivery,4km,1 x Animal Fries,,50% off upto Rs.100,355.0,12.75,100.0,0.0,0.0,0.0,267.75,,,,,,13.72,8.8,Correctly,,a45725de9df9f5dd37d005b420a4593826b5355666fac9191ca14a60ca009f3c
20320607,Swaad,Sector 4,Delhi NCR,6144643572,"09:10 PM, September 03 2024",Delivered,Zomato Delivery,3km,1 x Grilled Chicken Angara Tangdi,,50% off upto Rs.100,405.0,15.25,100.0,0.0,0.0,0.0,320.25,,,,,,10.27,0.3,Correctly,,24003da97a124fe1e78799e64438afb4afd0b8d18937939d09a51245477e80d6
20320607,Swaad,Sector 4,Delhi NCR,6137428219,"09:09 PM, September 03 2024",Delivered,Zomato Delivery,3km,1 x Bone in Jamaican Grilled Chicken,,50% off upto Rs.100,585.0,24.25,100.0,0.0,0.0,0.0,509.25,,,,,,10.65,1.4,Correctly,,93b3ae84a3f4930f6119202fecc289a3b80d00f45b91bde7436bd36042137a48
20320607,Swaad,Sector 4,Delhi NCR,6141943607,"08:45 PM, September 03 2024",Delivered,Zomato Delivery,2km,1 x Bone in Peri Peri Grilled Chicken,,50% off upto Rs.100,310.0,10.5,100.0,0.0,0.0,0.0,220.5,,,,,,14.7,6.2,Correctly,,fa1710c1c41dd4f29b810b78f8e7c08a356ca0fdc3930713e020e1ed258ceb4e
20320607,Swaad,Sector 4,Delhi NCR,6145238773,"07:12 PM, September 03 2024",Delivered,Zomato Delivery,8km,"1 x Bone in Smoky Bbq Grilled Chicken, 1 x Bone in Jamaican Grilled Chicken, 1 x Salted Fries",,Flat Rs.175 off,1009.0,41.7,175.0,0.0,0.0,0.0,875.7,,,,,,20.88,11.7,Correctly,,4f65f2ff76e0e677db2bf06c27e6fdfdd119decb0e1da47de7a8761e56a60405
20320607,Swaad,Sector 4,Delhi NCR,6142278831,"04:14 PM, September 03 2024",Delivered,Zomato Delivery,2km,1 x Bone in Jamaican Grilled Chicken,,40% off upto Rs.80,310.0,11.5,80.0,0.0,0.0,0.0,241.5,,,,,,11.97,8.2,Incorrectly,,df8aa80893427149dcfac7e8a8173e337488e36cf0aba07b0d39e5e0611678f0
20320607,Swaad,Sector 4,Delhi NCR,6146100417,"04:04 PM, September 03 2024",Delivered,Zomato Delivery,2km,1 x Bone in Peri Peri Grilled Chicken,,,420.0,21.0,0.0,0.0,0.0,0.0,441.0,,,,,,21.72,15.6,Correctly,,2372b0178c3722bf589e08c4a9fbc4bce4cc12bcee433debc3846380f62595db
